n_neighbors,p,accuracy,f1_score,precision,recall,roc_auc
3,1,0.9597700861341554,0.9600144355197703,0.9570855270222897,0.9629800782633124,0.9774706634749402
5,1,0.9613897373476725,0.9616817899443747,0.9578119003871848,0.9655928718624731,0.9822658191320686
7,1,0.9601966523442709,0.9605837155013404,0.9547531209305656,0.9665280015394331,0.9842042485489261
9,1,0.9602391327958166,0.9605918456745138,0.9554101058691538,0.9658567649813328,0.9847515631887948
3,2,0.9597700861341554,0.9600144355197703,0.9570855270222897,0.9629800782633124,0.9774706634749402
5,2,0.9613897373476725,0.9616817899443747,0.9578119003871848,0.9655928718624731,0.9822658191320686
7,2,0.9601966523442709,0.9605837155013404,0.9547531209305656,0.9665280015394331,0.9842042485489261
9,2,0.9602391327958166,0.9605918456745138,0.9554101058691538,0.9658567649813328,0.9847515631887948
