n_neighbors,p,accuracy,f1_score,precision,recall,roc_auc
3,1,0.9612188529660581,0.9614222864448108,0.9591383286272108,0.9637282256715951,0.9780223759430786
