n_neighbors,p,accuracy,f1_score,precision,recall,roc_auc
3,1,0.9601961619756553,0.960420435022387,0.9579760326257956,0.9628960535119558,0.9777603612134914
5,1,0.9611766267797203,0.9615443598203152,0.9563664522487425,0.9668451699759165,0.9823746666955803
7,1,0.9616026481358183,0.961932320821659,0.9572008597889055,0.966759522746999,0.9841775887304645
9,1,0.9611338557393652,0.9614871481618336,0.956232296795202,0.9668415356533485,0.9851026215729946
3,2,0.9601961619756553,0.960420435022387,0.9579760326257956,0.9628960535119558,0.9777603612134914
5,2,0.9611766267797203,0.9615443598203152,0.9563664522487425,0.9668451699759165,0.9823746666955803
7,2,0.9616026481358183,0.961932320821659,0.9572008597889055,0.966759522746999,0.9841775887304645
9,2,0.9611338557393652,0.9614871481618336,0.956232296795202,0.9668415356533485,0.9851026215729946
