,C,accuracy,f1_score,precision,recall,roc_auc
0,0.1,0.9562325669416726,0.9566869059961443,0.9491273041624275,0.9644086719020878,0.9868405396350545
1,0.2,0.9558916336212706,0.9563075924127722,0.9496170557714878,0.9631299325092618,0.9870976223151177
