C,accuracy,f1_score,precision,recall,roc_auc
0.1,0.956147460744176,0.9566091426826118,0.9490526225309415,0.9643297589971441,0.9867833560807387
0.2,0.9562326940742768,0.9566668293112022,0.9496590636709795,0.9638201918313746,0.9870026458183527
0.30000000000000004,0.9560196016681252,0.95642544296881,0.9500130729089917,0.9629604427362235,0.987120672069808
0.4,0.9559343683380247,0.9563168919987259,0.9504594012160957,0.962284911955656,0.9871697927572098
0.5,0.955849135007924,0.9562241141249043,0.950523816755964,0.9620328107595688,0.9871625103758769
0.6,0.9557212577700724,0.9560906013153352,0.9505116999499539,0.9617750788008059,0.9871667989113355
0.7000000000000001,0.955636060763573,0.9559941440164597,0.9507358741407259,0.9613552330533407,0.9871377362828145
0.8,0.9555934350176225,0.9559496179207285,0.9507318283422876,0.9612700541777018,0.9871516863155627
0.9,0.9555508092716719,0.9559095566555325,0.9506520076124859,0.9612700541777018,0.9871475450226423
1.0,0.9555934168558219,0.9559500259859677,0.9507308382042974,0.9612700541777018,0.9871546634992215
1.1,0.9557639016778234,0.9561129206295002,0.9510501907029474,0.9612700541777018,0.987145793879718
1.2000000000000002,0.9557639016778234,0.9561129206295002,0.9510501907029474,0.9612700541777018,0.9871711462590046
1.3000000000000003,0.9557212940936735,0.9560691021960093,0.9510460135993231,0.9611861615602523,0.9871771783104093
1.4000000000000001,0.9556360426017724,0.9559883552402623,0.950888930156904,0.9611861615602523,0.9871880031788967
1.5000000000000002,0.9556360426017724,0.9559883552402623,0.950888930156904,0.9611861615602523,0.9871890918635856
