C,accuracy,f1_score,precision,recall,roc_auc
0.1,0.9561900864901267,0.9566492648409503,0.9491300719632297,0.9643297589971441,0.9868011936846195
0.2,0.9562753198202273,0.9567070529589439,0.9497368987430646,0.9638201918313746,0.9870308077424568
0.30000000000000004,0.9563179274043773,0.9567245568334497,0.9502706402093004,0.9633029130031744,0.9871363275016153
0.4,0.9558917244302734,0.9562719798028756,0.9504546287340169,0.9621996221166537,0.9871781811329207
0.5,0.955849135007924,0.9562254685199397,0.9505253237936687,0.9620328107595688,0.9871690872280215
0.6,0.9557638835160229,0.9561328819590779,0.9505942606857337,0.9617750788008059,0.9871857985058152
0.7000000000000001,0.9557212759318728,0.9560837896074892,0.950666935089426,0.9616039892722462,0.9871471470459768
0.8,0.9557212759318728,0.9560837896074892,0.950666935089426,0.9616039892722462,0.9871674196513164
0.9,0.9555508274334725,0.9559098938995854,0.9506524132113693,0.9612700541777018,0.9871786837305792
1.0,0.955636060763573,0.9559907196510806,0.950809720072956,0.9612700541777018,0.9871624035334745
1.1,0.9557212940936735,0.9560721928245337,0.9509690610194228,0.9612700541777018,0.987167850022465
1.2000000000000002,0.9557212940936735,0.9560721928245337,0.9509690610194228,0.9612700541777018,0.9871770033721201
1.3000000000000003,0.955636060763573,0.9559883131258469,0.9508850631859971,0.9611861615602523,0.98719574384667
1.4000000000000001,0.955678668347723,0.9560294311654218,0.950965934966271,0.9611861615602523,0.9871994458645623
1.5000000000000002,0.955678668347723,0.9560294311654218,0.950965934966271,0.9611861615602523,0.9872088201472934
