C,accuracy,f1_score,precision,recall,roc_auc
0.1,0.9561901591373292,0.9566541527775396,0.9490590470450201,0.9644145579702463,0.9866060690146856
0.2,0.9557640106486269,0.9561848860687107,0.9496181486656432,0.962881790090116,0.9868096728111426
0.30000000000000004,0.9555935258266253,0.9560007120173182,0.9498298432446987,0.9622957537994845,0.9868864861059633
0.4,0.955678759156726,0.9560772560227623,0.950064131877445,0.9622118611820349,0.9869251521156757
0.5,0.9556787409949253,0.9560607135793242,0.9503642659789658,0.9618689503476332,0.9869345228534601
0.6,0.9556787409949253,0.9560607135793242,0.9503642659789658,0.9618689503476332,0.9869709261065968
0.7000000000000001,0.9555935258266253,0.9559758478252526,0.9502794948999643,0.9617850577301835,0.9869802947952948
0.8,0.9555082561729236,0.9558878665786056,0.9502718704747745,0.9616146999789057,0.986940329624751
0.9,0.9555508819188742,0.9559284123588062,0.9503527211887273,0.9616146999789057,0.986942579300211
1.0,0.9555082561729236,0.955883417396814,0.9503483988746254,0.9615287893259848,0.9869571853575229
1.1,0.9555082561729236,0.955883417396814,0.9503483988746254,0.9615287893259848,0.9869638711723979
1.2000000000000002,0.9555508819188742,0.9559237397474465,0.9504267445682444,0.9615287893259848,0.986967721974028
1.3000000000000003,0.9555082743347242,0.9558805822517475,0.9504231840754722,0.9614458705863497,0.9869670667322599
1.4000000000000001,0.9555082743347242,0.9558805822517475,0.9504231840754722,0.9614458705863497,0.986975860041196
1.5000000000000002,0.9554656667505741,0.9558355710156095,0.9504185287039008,0.9613589896132828,0.9869774585311077
