C,accuracy,f1_score,precision,recall,roc_auc
0.1,0.9563604805031256,0.9568119244680092,0.9492909814406272,0.9644926596075732,0.9868435295168437
0.2,0.9561047441892228,0.956513299300586,0.9499429673433275,0.963215975693041,0.9870779354377139
0.30000000000000004,0.9559769395985734,0.9563796598281951,0.9500113987238092,0.9628741997605499,0.9872355443056018
0.4,0.9557212577700724,0.9561136827305073,0.9501389887482958,0.962205707680823,0.9872766148556584
0.5,0.9558065092619735,0.9561834384343199,0.9505230794891035,0.9619504399930795,0.9872966674727749
0.6,0.955849135007924,0.9562240300011539,0.9506033961216465,0.9619504399930795,0.9873087999486522
0.7000000000000001,0.9558065455855745,0.9561798688315426,0.9506005695853925,0.9618635590200126,0.987316421361465
0.8,0.9556360426017724,0.956001428404984,0.9505841157487691,0.9615198425384637,0.9873030433678853
0.9,0.9555507911098713,0.9559188226455309,0.9504232642625269,0.9615198425384637,0.9873222157790089
1.0,0.9555507911098713,0.9559188226455309,0.9504232642625269,0.9615198425384637,0.9873251244759199
1.1,0.9556360244399718,0.9560002290084384,0.9505823514858903,0.9615198425384637,0.9873134323498649
1.2000000000000002,0.9555507729480708,0.9559111355291531,0.9505743840740534,0.9613494847871861,0.9873207006304737
1.3000000000000003,0.9555081653639208,0.9558680109323733,0.9505709548504845,0.9612665660475509,0.9873235364553409
1.4000000000000001,0.9555081653639208,0.9558680109323733,0.9505709548504845,0.9612665660475509,0.9873071958015804
1.5000000000000002,0.9554229138720197,0.9557803177950122,0.9505629717913763,0.9610983574689135,0.9873057418605695
