n_layers,hidden_size,dropout_prob,lr,epochs_trained,val_error
3.0,60.0,0.3,0.0001,100.0,0.1021289409812996
1.0,60.0,0.3,0.001,64.0,0.1027053681971999
1.0,50.0,0.3,0.001,73.0,0.1027839015852533
3.0,60.0,0.5,0.0001,101.0,0.1031161968051424
1.0,40.0,0.5,0.001,101.0,0.1031695151492497
3.0,50.0,0.5,0.0001,146.0,0.1033158069698228
2.0,60.0,0.3,0.001,32.0,0.103322323185208
1.0,60.0,0.3,0.0001,233.0,0.1034409276773633
2.0,60.0,0.3,0.0001,117.0,0.1034522103430817
2.0,50.0,0.3,0.0001,126.0,0.1035430674111711
1.0,40.0,0.3,0.001,84.0,0.1035701522261512
2.0,50.0,0.5,0.0001,148.0,0.1036234310714109
2.0,60.0,0.5,0.0001,132.0,0.1037232972282384
1.0,50.0,0.3,0.0001,283.0,0.103755405730232
1.0,50.0,0.5,0.001,80.0,0.1037976844109544
1.0,60.0,0.5,0.0001,293.0,0.1042288783177429
2.0,60.0,0.5,0.001,27.0,0.1046357138753951
3.0,60.0,0.5,0.001,23.0,0.1046948331775663
3.0,50.0,0.3,0.0001,88.0,0.104748595772045
1.0,60.0,0.5,0.001,44.0,0.1048625336997971
2.0,40.0,0.3,0.0001,153.0,0.1051046024931936
1.0,60.0,0.7,0.001,106.0,0.1054190458527126
2.0,40.0,0.5,0.001,33.0,0.1058883483895436
3.0,40.0,0.3,0.0001,95.0,0.1062171699631275
1.0,40.0,0.3,0.0001,300.0,0.1070824378664244
2.0,60.0,0.7,0.0001,133.0,0.1074164390760366
3.0,40.0,0.5,0.001,41.0,0.1076466712758553
2.0,40.0,0.5,0.0001,133.0,0.1078015512146917
1.0,50.0,0.5,0.0001,263.0,0.1080028292323861
2.0,50.0,0.5,0.001,24.0,0.1081999297741623
2.0,50.0,0.7,0.0001,169.0,0.1083002484745669
2.0,50.0,0.3,0.001,31.0,0.1085714329791185
3.0,40.0,0.3,0.001,42.0,0.1086674262626971
3.0,60.0,0.3,0.001,29.0,0.1091450194410067
2.0,60.0,0.7,0.001,49.0,0.1092877209433639
2.0,40.0,0.3,0.001,49.0,0.1094774308101255
1.0,50.0,0.7,0.001,80.0,0.1099315258249843
3.0,40.0,0.5,0.0001,79.0,0.1099957167582751
3.0,60.0,0.7,0.0001,85.0,0.1103438375308653
1.0,40.0,0.5,0.0001,273.0,0.1103838623887827
1.0,60.0,0.7,0.0001,300.0,0.1105842716535743
2.0,50.0,0.7,0.001,30.0,0.1117266442842122
3.0,50.0,0.7,0.0001,118.0,0.1118333300981087
3.0,50.0,0.3,0.001,26.0,0.1126764008243169
2.0,40.0,0.7,0.0001,151.0,0.1127922830336606
2.0,40.0,0.7,0.001,45.0,0.1131343012137123
1.0,50.0,0.7,0.0001,300.0,0.1135007156230205
1.0,40.0,0.7,0.001,68.0,0.1140423638898195
3.0,40.0,0.7,0.0001,107.0,0.1156993326794381
1.0,40.0,0.7,0.0001,273.0,0.1183694609421856
3.0,50.0,0.5,0.001,46.0,0.1279954183434903
3.0,60.0,0.7,0.001,30.0,0.1306317291399907
3.0,40.0,0.7,0.001,35.0,0.1324978910994773
3.0,50.0,0.7,0.001,40.0,0.1347700149315048
