n_layers,hidden_size,dropout_prob,lr,epochs_trained,val_error
1.0,60.0,0.3,0.001,71.0,0.1001698523981585
2.0,50.0,0.3,0.0001,150.0,0.1030070328020623
1.0,60.0,0.5,0.001,61.0,0.1030411549121597
2.0,60.0,0.5,0.001,27.0,0.1044194954352415
2.0,60.0,0.3,0.001,41.0,0.1044342947132302
1.0,40.0,0.3,0.001,63.0,0.1045968806098665
3.0,40.0,0.3,0.0001,116.0,0.1046007678901054
2.0,40.0,0.5,0.001,33.0,0.1047138892063478
1.0,50.0,0.3,0.001,65.0,0.1049342341626025
1.0,50.0,0.3,0.0001,300.0,0.105336222813471
2.0,40.0,0.3,0.001,33.0,0.1053396228187698
1.0,50.0,0.5,0.001,68.0,0.1053455371653572
2.0,60.0,0.5,0.0001,132.0,0.1053531726435789
2.0,60.0,0.3,0.0001,95.0,0.1053867231496945
3.0,40.0,0.3,0.001,38.0,0.1058876619081893
1.0,40.0,0.3,0.0001,300.0,0.1061075969225391
1.0,60.0,0.3,0.0001,233.0,0.1061312020661271
1.0,60.0,0.5,0.0001,300.0,0.1062408884049577
2.0,40.0,0.3,0.0001,136.0,0.1063170447616147
3.0,60.0,0.3,0.0001,97.0,0.1065376052366835
3.0,50.0,0.3,0.0001,84.0,0.1066825141414341
1.0,40.0,0.5,0.001,105.0,0.1067594434007951
3.0,40.0,0.5,0.0001,122.0,0.1071522297198269
2.0,50.0,0.5,0.0001,102.0,0.1072769805814335
3.0,40.0,0.5,0.001,36.0,0.1075882705048892
3.0,50.0,0.5,0.0001,88.0,0.1076239906694917
3.0,50.0,0.3,0.001,20.0,0.1077107368021265
2.0,40.0,0.5,0.0001,141.0,0.1081554049397913
2.0,60.0,0.7,0.0001,141.0,0.1082392667394866
1.0,50.0,0.5,0.0001,300.0,0.1084000164845667
1.0,60.0,0.7,0.001,78.0,0.1091530803990151
2.0,50.0,0.3,0.001,25.0,0.1092146482939521
3.0,60.0,0.5,0.0001,59.0,0.1096518858380261
2.0,50.0,0.5,0.001,31.0,0.1098071611723957
1.0,50.0,0.7,0.001,87.0,0.109828213489532
2.0,60.0,0.7,0.001,42.0,0.1107160383217721
1.0,40.0,0.5,0.0001,245.0,0.112188738111888
2.0,50.0,0.7,0.0001,141.0,0.1122146899571173
3.0,50.0,0.5,0.001,21.0,0.1125215081985862
3.0,60.0,0.7,0.0001,108.0,0.1127571560866928
1.0,60.0,0.7,0.0001,297.0,0.1128744824732444
2.0,40.0,0.7,0.0001,134.0,0.1136767468985398
2.0,50.0,0.7,0.001,38.0,0.1138599274749709
3.0,50.0,0.7,0.0001,110.0,0.1143013446363715
3.0,50.0,0.7,0.001,38.0,0.1147008821095789
1.0,40.0,0.7,0.001,68.0,0.115531622020363
1.0,50.0,0.7,0.0001,300.0,0.1156045053388644
3.0,40.0,0.7,0.001,33.0,0.1161870160837005
2.0,40.0,0.7,0.001,31.0,0.1173299668914302
3.0,40.0,0.7,0.0001,121.0,0.1187760625699801
1.0,40.0,0.7,0.0001,299.0,0.119507272974873
3.0,60.0,0.5,0.001,32.0,0.1229347441168058
3.0,60.0,0.3,0.001,25.0,0.1229396464626247
3.0,60.0,0.7,0.001,33.0,0.1319252620514507
