n_estimators,max_features,accuracy,f1_score,precision,recall,roc_auc
100,4,0.9674838932071597,0.9674594459340599,0.9709056762412235,0.9640452014001502,0.9924558522952107
